family,diameter,length,length_in,bolt_nut_lb_per_100,washer_lb_per_100,set_weight_each_lb,source
A325 Bolt Set,1/2,1,1.0,16.5,2.1,0.186,"AISC Manual ""Weight of ASTM A325 or A490 high strength bolts"" (docs/A325.pdf); set = bolt + heavy hex nut + 1 plain round washer"
A325 Bolt Set,5/8,1,1.0,29.4,3.6,0.33,"AISC Manual ""Weight of ASTM A325 or A490 high strength bolts"" (docs/A325.pdf); set = bolt + heavy hex nut + 1 plain round washer"
A325 Bolt Set,3/4,1,1.0,47.0,4.8,0.518,"AISC Manual ""Weight of ASTM A325 or A490 high strength bolts"" (docs/A325.pdf); set = bolt + heavy hex nut + 1 plain round washer"
A325 Bolt Set,1/2,1-1/4,1.25,17.8,2.1,0.199,"AISC Manual ""Weight of ASTM A325 or A490 high strength bolts"" (docs/A325.pdf); set = bolt + heavy hex nut + 1 plain round washer"
A325 Bolt Set,5/8,1-1/4,1.25,31.1,3.6,0.347,"AISC Manual ""Weight of ASTM A325 or A490 high strength bolts"" (docs/A325.pdf); set = bolt + heavy hex nut + 1 plain round washer"
A325 Bolt Set,3/4,1-1/4,1.25,49.6,4.8,0.544,"AISC Manual ""Weight of ASTM A325 or A490 high strength bolts"" (docs/A325.pdf); set = bolt + heavy hex nut + 1 plain round washer"
A325 Bolt Set,7/8,1-1/4,1.25,74.4,7.0,0.814,"AISC Manual ""Weight of ASTM A325 or A490 high strength bolts"" (docs/A325.pdf); set = bolt + heavy hex nut + 1 plain round washer"
A325 Bolt Set,1,1-1/4,1.25,104,9.4,1.134,"AISC Manual ""Weight of ASTM A325 or A490 high strength bolts"" (docs/A325.pdf); set = bolt + heavy hex nut + 1 plain round washer"
A325 Bolt Set,1/2,1-1/2,1.5,19.2,2.1,0.213,"AISC Manual ""Weight of ASTM A325 or A490 high strength bolts"" (docs/A325.pdf); set = bolt + heavy hex nut + 1 plain round washer"
A325 Bolt Set,5/8,1-1/2,1.5,33.1,3.6,0.367,"AISC Manual ""Weight of ASTM A325 or A490 high strength bolts"" (docs/A325.pdf); set = bolt + heavy hex nut + 1 plain round washer"
A325 Bolt Set,3/4,1-1/2,1.5,52.2,4.8,0.57,"AISC Manual ""Weight of ASTM A325 or A490 high strength bolts"" (docs/A325.pdf); set = bolt + heavy hex nut + 1 plain round washer"
A325 Bolt Set,7/8,1-1/2,1.5,78.0,7.0,0.85,"AISC Manual ""Weight of ASTM A325 or A490 high strength bolts"" (docs/A325.pdf); set = bolt + heavy hex nut + 1 plain round washer"
A325 Bolt Set,1,1-1/2,1.5,109,9.4,1.184,"AISC Manual ""Weight of ASTM A325 or A490 high strength bolts"" (docs/A325.pdf); set = bolt + heavy hex nut + 1 plain round washer"
A325 Bolt Set,1-1/8,1-1/2,1.5,148,11.3,1.593,"AISC Manual ""Weight of ASTM A325 or A490 high strength bolts"" (docs/A325.pdf); set = bolt + heavy hex nut + 1 plain round washer"
A325 Bolt Set,1-1/4,1-1/2,1.5,197,13.8,2.108,"AISC Manual ""Weight of ASTM A325 or A490 high strength bolts"" (docs/A325.pdf); set = bolt + heavy hex nut + 1 plain round washer"
A325 Bolt Set,1/2,1-3/4,1.75,20.5,2.1,0.226,"AISC Manual ""Weight of ASTM A325 or A490 high strength bolts"" (docs/A325.pdf); set = bolt + heavy hex nut + 1 plain round washer"
A325 Bolt Set,5/8,1-3/4,1.75,35.3,3.6,0.389,"AISC Manual ""Weight of ASTM A325 or A490 high strength bolts"" (docs/A325.pdf); set = bolt + heavy hex nut + 1 plain round washer"
A325 Bolt Set,3/4,1-3/4,1.75,55.3,4.8,0.601,"AISC Manual ""Weight of ASTM A325 or A490 high strength bolts"" (docs/A325.pdf); set = bolt + heavy hex nut + 1 plain round washer"
A325 Bolt Set,7/8,1-3/4,1.75,81.9,7.0,0.889,"AISC Manual ""Weight of ASTM A325 or A490 high strength bolts"" (docs/A325.pdf); set = bolt + heavy hex nut + 1 plain round washer"
A325 Bolt Set,1,1-3/4,1.75,114,9.4,1.234,"AISC Manual ""Weight of ASTM A325 or A490 high strength bolts"" (docs/A325.pdf); set = bolt + heavy hex nut + 1 plain round washer"
A325 Bolt Set,1-1/8,1-3/4,1.75,154,11.3,1.653,"AISC Manual ""Weight of ASTM A325 or A490 high strength bolts"" (docs/A325.pdf); set = bolt + heavy hex nut + 1 plain round washer"
A325 Bolt Set,1-1/4,1-3/4,1.75,205,13.8,2.188,"AISC Manual ""Weight of ASTM A325 or A490 high strength bolts"" (docs/A325.pdf); set = bolt + heavy hex nut + 1 plain round washer"
A325 Bolt Set,1-3/8,1-3/4,1.75,261,16.8,2.778,"AISC Manual ""Weight of ASTM A325 or A490 high strength bolts"" (docs/A325.pdf); set = bolt + heavy hex nut + 1 plain round washer"
A325 Bolt Set,1-1/2,1-3/4,1.75,333,20.0,3.53,"AISC Manual ""Weight of ASTM A325 or A490 high strength bolts"" (docs/A325.pdf); set = bolt + heavy hex nut + 1 plain round washer"
A325 Bolt Set,1/2,2,2.0,21.9,2.1,0.24,"AISC Manual ""Weight of ASTM A325 or A490 high strength bolts"" (docs/A325.pdf); set = bolt + heavy hex nut + 1 plain round washer"
A325 Bolt Set,5/8,2,2.0,37.4,3.6,0.41,"AISC Manual ""Weight of ASTM A325 or A490 high strength bolts"" (docs/A325.pdf); set = bolt + heavy hex nut + 1 plain round washer"
A325 Bolt Set,3/4,2,2.0,58.4,4.8,0.632,"AISC Manual ""Weight of ASTM A325 or A490 high strength bolts"" (docs/A325.pdf); set = bolt + heavy hex nut + 1 plain round washer"
A325 Bolt Set,7/8,2,2.0,86.1,7.0,0.931,"AISC Manual ""Weight of ASTM A325 or A490 high strength bolts"" (docs/A325.pdf); set = bolt + heavy hex nut + 1 plain round washer"
A325 Bolt Set,1,2,2.0,119,9.4,1.284,"AISC Manual ""Weight of ASTM A325 or A490 high strength bolts"" (docs/A325.pdf); set = bolt + heavy hex nut + 1 plain round washer"
A325 Bolt Set,1-1/8,2,2.0,160,11.3,1.713,"AISC Manual ""Weight of ASTM A325 or A490 high strength bolts"" (docs/A325.pdf); set = bolt + heavy hex nut + 1 plain round washer"
A325 Bolt Set,1-1/4,2,2.0,212,13.8,2.258,"AISC Manual ""Weight of ASTM A325 or A490 high strength bolts"" (docs/A325.pdf); set = bolt + heavy hex nut + 1 plain round washer"
A325 Bolt Set,1-3/8,2,2.0,270,16.8,2.868,"AISC Manual ""Weight of ASTM A325 or A490 high strength bolts"" (docs/A325.pdf); set = bolt + heavy hex nut + 1 plain round washer"
A325 Bolt Set,1-1/2,2,2.0,344,20.0,3.64,"AISC Manual ""Weight of ASTM A325 or A490 high strength bolts"" (docs/A325.pdf); set = bolt + heavy hex nut + 1 plain round washer"
A325 Bolt Set,1/2,2-1/4,2.25,23.3,2.1,0.254,"AISC Manual ""Weight of ASTM A325 or A490 high strength bolts"" (docs/A325.pdf); set = bolt + heavy hex nut + 1 plain round washer"
A325 Bolt Set,5/8,2-1/4,2.25,39.8,3.6,0.434,"AISC Manual ""Weight of ASTM A325 or A490 high strength bolts"" (docs/A325.pdf); set = bolt + heavy hex nut + 1 plain round washer"
A325 Bolt Set,3/4,2-1/4,2.25,61.6,4.8,0.664,"AISC Manual ""Weight of ASTM A325 or A490 high strength bolts"" (docs/A325.pdf); set = bolt + heavy hex nut + 1 plain round washer"
A325 Bolt Set,7/8,2-1/4,2.25,90.3,7.0,0.973,"AISC Manual ""Weight of ASTM A325 or A490 high strength bolts"" (docs/A325.pdf); set = bolt + heavy hex nut + 1 plain round washer"
A325 Bolt Set,1,2-1/4,2.25,124,9.4,1.334,"AISC Manual ""Weight of ASTM A325 or A490 high strength bolts"" (docs/A325.pdf); set = bolt + heavy hex nut + 1 plain round washer"
A325 Bolt Set,1-1/8,2-1/4,2.25,167,11.3,1.783,"AISC Manual ""Weight of ASTM A325 or A490 high strength bolts"" (docs/A325.pdf); set = bolt + heavy hex nut + 1 plain round washer"
A325 Bolt Set,1-1/4,2-1/4,2.25,220,13.8,2.338,"AISC Manual ""Weight of ASTM A325 or A490 high strength bolts"" (docs/A325.pdf); set = bolt + heavy hex nut + 1 plain round washer"
A325 Bolt Set,1-3/8,2-1/4,2.25,279,16.8,2.958,"AISC Manual ""Weight of ASTM A325 or A490 high strength bolts"" (docs/A325.pdf); set = bolt + heavy hex nut + 1 plain round washer"
A325 Bolt Set,1-1/2,2-1/4,2.25,355,20.0,3.75,"AISC Manual ""Weight of ASTM A325 or A490 high strength bolts"" (docs/A325.pdf); set = bolt + heavy hex nut + 1 plain round washer"
A325 Bolt Set,1/2,2-1/2,2.5,24.7,2.1,0.268,"AISC Manual ""Weight of ASTM A325 or A490 high strength bolts"" (docs/A325.pdf); set = bolt + heavy hex nut + 1 plain round washer"
A325 Bolt Set,5/8,2-1/2,2.5,41.7,3.6,0.453,"AISC Manual ""Weight of ASTM A325 or A490 high strength bolts"" (docs/A325.pdf); set = bolt + heavy hex nut + 1 plain round washer"
A325 Bolt Set,3/4,2-1/2,2.5,64.7,4.8,0.695,"AISC Manual ""Weight of ASTM A325 or A490 high strength bolts"" (docs/A325.pdf); set = bolt + heavy hex nut + 1 plain round washer"
A325 Bolt Set,7/8,2-1/2,2.5,94.6,7.0,1.016,"AISC Manual ""Weight of ASTM A325 or A490 high strength bolts"" (docs/A325.pdf); set = bolt + heavy hex nut + 1 plain round washer"
A325 Bolt Set,1,2-1/2,2.5,130,9.4,1.394,"AISC Manual ""Weight of ASTM A325 or A490 high strength bolts"" (docs/A325.pdf); set = bolt + heavy hex nut + 1 plain round washer"
A325 Bolt Set,1-1/8,2-1/2,2.5,174,11.3,1.853,"AISC Manual ""Weight of ASTM A325 or A490 high strength bolts"" (docs/A325.pdf); set = bolt + heavy hex nut + 1 plain round washer"
A325 Bolt Set,1-1/4,2-1/2,2.5,229,13.8,2.428,"AISC Manual ""Weight of ASTM A325 or A490 high strength bolts"" (docs/A325.pdf); set = bolt + heavy hex nut + 1 plain round washer"
A325 Bolt Set,1-3/8,2-1/2,2.5,290,16.8,3.068,"AISC Manual ""Weight of ASTM A325 or A490 high strength bolts"" (docs/A325.pdf); set = bolt + heavy hex nut + 1 plain round washer"
A325 Bolt Set,1-1/2,2-1/2,2.5,366,20.0,3.86,"AISC Manual ""Weight of ASTM A325 or A490 high strength bolts"" (docs/A325.pdf); set = bolt + heavy hex nut + 1 plain round washer"
A325 Bolt Set,1/2,2-3/4,2.75,26.1,2.1,0.282,"AISC Manual ""Weight of ASTM A325 or A490 high strength bolts"" (docs/A325.pdf); set = bolt + heavy hex nut + 1 plain round washer"
A325 Bolt Set,5/8,2-3/4,2.75,43.9,3.6,0.475,"AISC Manual ""Weight of ASTM A325 or A490 high strength bolts"" (docs/A325.pdf); set = bolt + heavy hex nut + 1 plain round washer"
A325 Bolt Set,3/4,2-3/4,2.75,67.8,4.8,0.726,"AISC Manual ""Weight of ASTM A325 or A490 high strength bolts"" (docs/A325.pdf); set = bolt + heavy hex nut + 1 plain round washer"
A325 Bolt Set,7/8,2-3/4,2.75,98.8,7.0,1.058,"AISC Manual ""Weight of ASTM A325 or A490 high strength bolts"" (docs/A325.pdf); set = bolt + heavy hex nut + 1 plain round washer"
A325 Bolt Set,1,2-3/4,2.75,135,9.4,1.444,"AISC Manual ""Weight of ASTM A325 or A490 high strength bolts"" (docs/A325.pdf); set = bolt + heavy hex nut + 1 plain round washer"
A325 Bolt Set,1-1/8,2-3/4,2.75,181,11.3,1.923,"AISC Manual ""Weight of ASTM A325 or A490 high strength bolts"" (docs/A325.pdf); set = bolt + heavy hex nut + 1 plain round washer"
A325 Bolt Set,1-1/4,2-3/4,2.75,237,13.8,2.508,"AISC Manual ""Weight of ASTM A325 or A490 high strength bolts"" (docs/A325.pdf); set = bolt + heavy hex nut + 1 plain round washer"
A325 Bolt Set,1-3/8,2-3/4,2.75,300,16.8,3.168,"AISC Manual ""Weight of ASTM A325 or A490 high strength bolts"" (docs/A325.pdf); set = bolt + heavy hex nut + 1 plain round washer"
A325 Bolt Set,1-1/2,2-3/4,2.75,379,20.0,3.99,"AISC Manual ""Weight of ASTM A325 or A490 high strength bolts"" (docs/A325.pdf); set = bolt + heavy hex nut + 1 plain round washer"
A325 Bolt Set,1/2,3,3.0,27.4,2.1,0.295,"AISC Manual ""Weight of ASTM A325 or A490 high strength bolts"" (docs/A325.pdf); set = bolt + heavy hex nut + 1 plain round washer"
A325 Bolt Set,5/8,3,3.0,46.1,3.6,0.497,"AISC Manual ""Weight of ASTM A325 or A490 high strength bolts"" (docs/A325.pdf); set = bolt + heavy hex nut + 1 plain round washer"
A325 Bolt Set,3/4,3,3.0,70.9,4.8,0.757,"AISC Manual ""Weight of ASTM A325 or A490 high strength bolts"" (docs/A325.pdf); set = bolt + heavy hex nut + 1 plain round washer"
A325 Bolt Set,7/8,3,3.0,103,7.0,1.1,"AISC Manual ""Weight of ASTM A325 or A490 high strength bolts"" (docs/A325.pdf); set = bolt + heavy hex nut + 1 plain round washer"
A325 Bolt Set,1,3,3.0,141,9.4,1.504,"AISC Manual ""Weight of ASTM A325 or A490 high strength bolts"" (docs/A325.pdf); set = bolt + heavy hex nut + 1 plain round washer"
A325 Bolt Set,1-1/8,3,3.0,188,11.3,1.993,"AISC Manual ""Weight of ASTM A325 or A490 high strength bolts"" (docs/A325.pdf); set = bolt + heavy hex nut + 1 plain round washer"
A325 Bolt Set,1-1/4,3,3.0,246,13.8,2.598,"AISC Manual ""Weight of ASTM A325 or A490 high strength bolts"" (docs/A325.pdf); set = bolt + heavy hex nut + 1 plain round washer"
A325 Bolt Set,1-3/8,3,3.0,310,16.8,3.268,"AISC Manual ""Weight of ASTM A325 or A490 high strength bolts"" (docs/A325.pdf); set = bolt + heavy hex nut + 1 plain round washer"
A325 Bolt Set,1-1/2,3,3.0,391,20.0,4.11,"AISC Manual ""Weight of ASTM A325 or A490 high strength bolts"" (docs/A325.pdf); set = bolt + heavy hex nut + 1 plain round washer"
A325 Bolt Set,1/2,3-1/4,3.25,28.8,2.1,0.309,"AISC Manual ""Weight of ASTM A325 or A490 high strength bolts"" (docs/A325.pdf); set = bolt + heavy hex nut + 1 plain round washer"
A325 Bolt Set,5/8,3-1/4,3.25,48.2,3.6,0.518,"AISC Manual ""Weight of ASTM A325 or A490 high strength bolts"" (docs/A325.pdf); set = bolt + heavy hex nut + 1 plain round washer"
A325 Bolt Set,3/4,3-1/4,3.25,74.0,4.8,0.788,"AISC Manual ""Weight of ASTM A325 or A490 high strength bolts"" (docs/A325.pdf); set = bolt + heavy hex nut + 1 plain round washer"
A325 Bolt Set,7/8,3-1/4,3.25,107,7.0,1.14,"AISC Manual ""Weight of ASTM A325 or A490 high strength bolts"" (docs/A325.pdf); set = bolt + heavy hex nut + 1 plain round washer"
A325 Bolt Set,1,3-1/4,3.25,146,9.4,1.554,"AISC Manual ""Weight of ASTM A325 or A490 high strength bolts"" (docs/A325.pdf); set = bolt + heavy hex nut + 1 plain round washer"
A325 Bolt Set,1-1/8,3-1/4,3.25,195,11.3,2.063,"AISC Manual ""Weight of ASTM A325 or A490 high strength bolts"" (docs/A325.pdf); set = bolt + heavy hex nut + 1 plain round washer"
A325 Bolt Set,1-1/4,3-1/4,3.25,255,13.8,2.688,"AISC Manual ""Weight of ASTM A325 or A490 high strength bolts"" (docs/A325.pdf); set = bolt + heavy hex nut + 1 plain round washer"
A325 Bolt Set,1-3/8,3-1/4,3.25,321,16.8,3.378,"AISC Manual ""Weight of ASTM A325 or A490 high strength bolts"" (docs/A325.pdf); set = bolt + heavy hex nut + 1 plain round washer"
A325 Bolt Set,1-1/2,3-1/4,3.25,403,20.0,4.23,"AISC Manual ""Weight of ASTM A325 or A490 high strength bolts"" (docs/A325.pdf); set = bolt + heavy hex nut + 1 plain round washer"
A325 Bolt Set,1/2,3-1/2,3.5,30.2,2.1,0.323,"AISC Manual ""Weight of ASTM A325 or A490 high strength bolts"" (docs/A325.pdf); set = bolt + heavy hex nut + 1 plain round washer"
A325 Bolt Set,5/8,3-1/2,3.5,50.4,3.6,0.54,"AISC Manual ""Weight of ASTM A325 or A490 high strength bolts"" (docs/A325.pdf); set = bolt + heavy hex nut + 1 plain round washer"
A325 Bolt Set,3/4,3-1/2,3.5,77.1,4.8,0.819,"AISC Manual ""Weight of ASTM A325 or A490 high strength bolts"" (docs/A325.pdf); set = bolt + heavy hex nut + 1 plain round washer"
A325 Bolt Set,7/8,3-1/2,3.5,111,7.0,1.18,"AISC Manual ""Weight of ASTM A325 or A490 high strength bolts"" (docs/A325.pdf); set = bolt + heavy hex nut + 1 plain round washer"
A325 Bolt Set,1,3-1/2,3.5,151,9.4,1.604,"AISC Manual ""Weight of ASTM A325 or A490 high strength bolts"" (docs/A325.pdf); set = bolt + heavy hex nut + 1 plain round washer"
A325 Bolt Set,1-1/8,3-1/2,3.5,202,11.3,2.133,"AISC Manual ""Weight of ASTM A325 or A490 high strength bolts"" (docs/A325.pdf); set = bolt + heavy hex nut + 1 plain round washer"
A325 Bolt Set,1-1/4,3-1/2,3.5,263,13.8,2.768,"AISC Manual ""Weight of ASTM A325 or A490 high strength bolts"" (docs/A325.pdf); set = bolt + heavy hex nut + 1 plain round washer"
A325 Bolt Set,1-3/8,3-1/2,3.5,332,16.8,3.488,"AISC Manual ""Weight of ASTM A325 or A490 high strength bolts"" (docs/A325.pdf); set = bolt + heavy hex nut + 1 plain round washer"
A325 Bolt Set,1-1/2,3-1/2,3.5,416,20.0,4.36,"AISC Manual ""Weight of ASTM A325 or A490 high strength bolts"" (docs/A325.pdf); set = bolt + heavy hex nut + 1 plain round washer"
A325 Bolt Set,1/2,3-3/4,3.75,31.6,2.1,0.337,"AISC Manual ""Weight of ASTM A325 or A490 high strength bolts"" (docs/A325.pdf); set = bolt + heavy hex nut + 1 plain round washer"
A325 Bolt Set,5/8,3-3/4,3.75,52.5,3.6,0.561,"AISC Manual ""Weight of ASTM A325 or A490 high strength bolts"" (docs/A325.pdf); set = bolt + heavy hex nut + 1 plain round washer"
A325 Bolt Set,3/4,3-3/4,3.75,80.2,4.8,0.85,"AISC Manual ""Weight of ASTM A325 or A490 high strength bolts"" (docs/A325.pdf); set = bolt + heavy hex nut + 1 plain round washer"
A325 Bolt Set,7/8,3-3/4,3.75,116,7.0,1.23,"AISC Manual ""Weight of ASTM A325 or A490 high strength bolts"" (docs/A325.pdf); set = bolt + heavy hex nut + 1 plain round washer"
A325 Bolt Set,1,3-3/4,3.75,157,9.4,1.664,"AISC Manual ""Weight of ASTM A325 or A490 high strength bolts"" (docs/A325.pdf); set = bolt + heavy hex nut + 1 plain round washer"
A325 Bolt Set,1-1/8,3-3/4,3.75,209,11.3,2.203,"AISC Manual ""Weight of ASTM A325 or A490 high strength bolts"" (docs/A325.pdf); set = bolt + heavy hex nut + 1 plain round washer"
A325 Bolt Set,1-1/4,3-3/4,3.75,272,13.8,2.858,"AISC Manual ""Weight of ASTM A325 or A490 high strength bolts"" (docs/A325.pdf); set = bolt + heavy hex nut + 1 plain round washer"
A325 Bolt Set,1-3/8,3-3/4,3.75,342,16.8,3.588,"AISC Manual ""Weight of ASTM A325 or A490 high strength bolts"" (docs/A325.pdf); set = bolt + heavy hex nut + 1 plain round washer"
A325 Bolt Set,1-1/2,3-3/4,3.75,428,20.0,4.48,"AISC Manual ""Weight of ASTM A325 or A490 high strength bolts"" (docs/A325.pdf); set = bolt + heavy hex nut + 1 plain round washer"
A325 Bolt Set,1/2,4,4.0,33.0,2.1,0.351,"AISC Manual ""Weight of ASTM A325 or A490 high strength bolts"" (docs/A325.pdf); set = bolt + heavy hex nut + 1 plain round washer"
A325 Bolt Set,5/8,4,4.0,54.7,3.6,0.583,"AISC Manual ""Weight of ASTM A325 or A490 high strength bolts"" (docs/A325.pdf); set = bolt + heavy hex nut + 1 plain round washer"
A325 Bolt Set,3/4,4,4.0,83.3,4.8,0.881,"AISC Manual ""Weight of ASTM A325 or A490 high strength bolts"" (docs/A325.pdf); set = bolt + heavy hex nut + 1 plain round washer"
A325 Bolt Set,7/8,4,4.0,120,7.0,1.27,"AISC Manual ""Weight of ASTM A325 or A490 high strength bolts"" (docs/A325.pdf); set = bolt + heavy hex nut + 1 plain round washer"
A325 Bolt Set,1,4,4.0,162,9.4,1.714,"AISC Manual ""Weight of ASTM A325 or A490 high strength bolts"" (docs/A325.pdf); set = bolt + heavy hex nut + 1 plain round washer"
A325 Bolt Set,1-1/8,4,4.0,216,11.3,2.273,"AISC Manual ""Weight of ASTM A325 or A490 high strength bolts"" (docs/A325.pdf); set = bolt + heavy hex nut + 1 plain round washer"
A325 Bolt Set,1-1/4,4,4.0,280,13.8,2.938,"AISC Manual ""Weight of ASTM A325 or A490 high strength bolts"" (docs/A325.pdf); set = bolt + heavy hex nut + 1 plain round washer"
A325 Bolt Set,1-3/8,4,4.0,353,16.8,3.698,"AISC Manual ""Weight of ASTM A325 or A490 high strength bolts"" (docs/A325.pdf); set = bolt + heavy hex nut + 1 plain round washer"
A325 Bolt Set,1-1/2,4,4.0,441,20.0,4.61,"AISC Manual ""Weight of ASTM A325 or A490 high strength bolts"" (docs/A325.pdf); set = bolt + heavy hex nut + 1 plain round washer"
A325 Bolt Set,1/2,4-1/4,4.25,34.3,2.1,0.364,"AISC Manual ""Weight of ASTM A325 or A490 high strength bolts"" (docs/A325.pdf); set = bolt + heavy hex nut + 1 plain round washer"
A325 Bolt Set,5/8,4-1/4,4.25,56.9,3.6,0.605,"AISC Manual ""Weight of ASTM A325 or A490 high strength bolts"" (docs/A325.pdf); set = bolt + heavy hex nut + 1 plain round washer"
A325 Bolt Set,3/4,4-1/4,4.25,86.4,4.8,0.912,"AISC Manual ""Weight of ASTM A325 or A490 high strength bolts"" (docs/A325.pdf); set = bolt + heavy hex nut + 1 plain round washer"
A325 Bolt Set,7/8,4-1/4,4.25,124,7.0,1.31,"AISC Manual ""Weight of ASTM A325 or A490 high strength bolts"" (docs/A325.pdf); set = bolt + heavy hex nut + 1 plain round washer"
A325 Bolt Set,1,4-1/4,4.25,168,9.4,1.774,"AISC Manual ""Weight of ASTM A325 or A490 high strength bolts"" (docs/A325.pdf); set = bolt + heavy hex nut + 1 plain round washer"
A325 Bolt Set,1-1/8,4-1/4,4.25,223,11.3,2.343,"AISC Manual ""Weight of ASTM A325 or A490 high strength bolts"" (docs/A325.pdf); set = bolt + heavy hex nut + 1 plain round washer"
A325 Bolt Set,1-1/4,4-1/4,4.25,289,13.8,3.028,"AISC Manual ""Weight of ASTM A325 or A490 high strength bolts"" (docs/A325.pdf); set = bolt + heavy hex nut + 1 plain round washer"
A325 Bolt Set,1-3/8,4-1/4,4.25,363,16.8,3.798,"AISC Manual ""Weight of ASTM A325 or A490 high strength bolts"" (docs/A325.pdf); set = bolt + heavy hex nut + 1 plain round washer"
A325 Bolt Set,1-1/2,4-1/4,4.25,453,20.0,4.73,"AISC Manual ""Weight of ASTM A325 or A490 high strength bolts"" (docs/A325.pdf); set = bolt + heavy hex nut + 1 plain round washer"
A325 Bolt Set,1/2,4-1/2,4.5,35.7,2.1,0.378,"AISC Manual ""Weight of ASTM A325 or A490 high strength bolts"" (docs/A325.pdf); set = bolt + heavy hex nut + 1 plain round washer"
A325 Bolt Set,5/8,4-1/2,4.5,59.0,3.6,0.626,"AISC Manual ""Weight of ASTM A325 or A490 high strength bolts"" (docs/A325.pdf); set = bolt + heavy hex nut + 1 plain round washer"
A325 Bolt Set,3/4,4-1/2,4.5,89.5,4.8,0.943,"AISC Manual ""Weight of ASTM A325 or A490 high strength bolts"" (docs/A325.pdf); set = bolt + heavy hex nut + 1 plain round washer"
A325 Bolt Set,7/8,4-1/2,4.5,128,7.0,1.35,"AISC Manual ""Weight of ASTM A325 or A490 high strength bolts"" (docs/A325.pdf); set = bolt + heavy hex nut + 1 plain round washer"
A325 Bolt Set,1,4-1/2,4.5,173,9.4,1.824,"AISC Manual ""Weight of ASTM A325 or A490 high strength bolts"" (docs/A325.pdf); set = bolt + heavy hex nut + 1 plain round washer"
A325 Bolt Set,1-1/8,4-1/2,4.5,230,11.3,2.413,"AISC Manual ""Weight of ASTM A325 or A490 high strength bolts"" (docs/A325.pdf); set = bolt + heavy hex nut + 1 plain round washer"
A325 Bolt Set,1-1/4,4-1/2,4.5,298,13.8,3.118,"AISC Manual ""Weight of ASTM A325 or A490 high strength bolts"" (docs/A325.pdf); set = bolt + heavy hex nut + 1 plain round washer"
A325 Bolt Set,1-3/8,4-1/2,4.5,374,16.8,3.908,"AISC Manual ""Weight of ASTM A325 or A490 high strength bolts"" (docs/A325.pdf); set = bolt + heavy hex nut + 1 plain round washer"
A325 Bolt Set,1-1/2,4-1/2,4.5,465,20.0,4.85,"AISC Manual ""Weight of ASTM A325 or A490 high strength bolts"" (docs/A325.pdf); set = bolt + heavy hex nut + 1 plain round washer"
A325 Bolt Set,1/2,4-3/4,4.75,37.1,2.1,0.392,"AISC Manual ""Weight of ASTM A325 or A490 high strength bolts"" (docs/A325.pdf); set = bolt + heavy hex nut + 1 plain round washer"
A325 Bolt Set,5/8,4-3/4,4.75,61.2,3.6,0.648,"AISC Manual ""Weight of ASTM A325 or A490 high strength bolts"" (docs/A325.pdf); set = bolt + heavy hex nut + 1 plain round washer"
A325 Bolt Set,3/4,4-3/4,4.75,92.7,4.8,0.975,"AISC Manual ""Weight of ASTM A325 or A490 high strength bolts"" (docs/A325.pdf); set = bolt + heavy hex nut + 1 plain round washer"
A325 Bolt Set,7/8,4-3/4,4.75,133,7.0,1.4,"AISC Manual ""Weight of ASTM A325 or A490 high strength bolts"" (docs/A325.pdf); set = bolt + heavy hex nut + 1 plain round washer"
A325 Bolt Set,1,4-3/4,4.75,179,9.4,1.884,"AISC Manual ""Weight of ASTM A325 or A490 high strength bolts"" (docs/A325.pdf); set = bolt + heavy hex nut + 1 plain round washer"
A325 Bolt Set,1-1/8,4-3/4,4.75,237,11.3,2.483,"AISC Manual ""Weight of ASTM A325 or A490 high strength bolts"" (docs/A325.pdf); set = bolt + heavy hex nut + 1 plain round washer"
A325 Bolt Set,1-1/4,4-3/4,4.75,306,13.8,3.198,"AISC Manual ""Weight of ASTM A325 or A490 high strength bolts"" (docs/A325.pdf); set = bolt + heavy hex nut + 1 plain round washer"
A325 Bolt Set,1-3/8,4-3/4,4.75,384,16.8,4.008,"AISC Manual ""Weight of ASTM A325 or A490 high strength bolts"" (docs/A325.pdf); set = bolt + heavy hex nut + 1 plain round washer"
A325 Bolt Set,1-1/2,4-3/4,4.75,478,20.0,4.98,"AISC Manual ""Weight of ASTM A325 or A490 high strength bolts"" (docs/A325.pdf); set = bolt + heavy hex nut + 1 plain round washer"
A325 Bolt Set,1/2,5,5.0,38.5,2.1,0.406,"AISC Manual ""Weight of ASTM A325 or A490 high strength bolts"" (docs/A325.pdf); set = bolt + heavy hex nut + 1 plain round washer"
A325 Bolt Set,5/8,5,5.0,63.3,3.6,0.669,"AISC Manual ""Weight of ASTM A325 or A490 high strength bolts"" (docs/A325.pdf); set = bolt + heavy hex nut + 1 plain round washer"
A325 Bolt Set,3/4,5,5.0,95.8,4.8,1.006,"AISC Manual ""Weight of ASTM A325 or A490 high strength bolts"" (docs/A325.pdf); set = bolt + heavy hex nut + 1 plain round washer"
A325 Bolt Set,7/8,5,5.0,137,7.0,1.44,"AISC Manual ""Weight of ASTM A325 or A490 high strength bolts"" (docs/A325.pdf); set = bolt + heavy hex nut + 1 plain round washer"
A325 Bolt Set,1,5,5.0,184,9.4,1.934,"AISC Manual ""Weight of ASTM A325 or A490 high strength bolts"" (docs/A325.pdf); set = bolt + heavy hex nut + 1 plain round washer"
A325 Bolt Set,1-1/8,5,5.0,244,11.3,2.553,"AISC Manual ""Weight of ASTM A325 or A490 high strength bolts"" (docs/A325.pdf); set = bolt + heavy hex nut + 1 plain round washer"
A325 Bolt Set,1-1/4,5,5.0,315,13.8,3.288,"AISC Manual ""Weight of ASTM A325 or A490 high strength bolts"" (docs/A325.pdf); set = bolt + heavy hex nut + 1 plain round washer"
A325 Bolt Set,1-3/8,5,5.0,395,16.8,4.118,"AISC Manual ""Weight of ASTM A325 or A490 high strength bolts"" (docs/A325.pdf); set = bolt + heavy hex nut + 1 plain round washer"
A325 Bolt Set,1-1/2,5,5.0,490,20.0,5.1,"AISC Manual ""Weight of ASTM A325 or A490 high strength bolts"" (docs/A325.pdf); set = bolt + heavy hex nut + 1 plain round washer"
A325 Bolt Set,1/2,5-1/4,5.25,39.9,2.1,0.42,"AISC Manual ""Weight of ASTM A325 or A490 high strength bolts"" (docs/A325.pdf); set = bolt + heavy hex nut + 1 plain round washer"
A325 Bolt Set,5/8,5-1/4,5.25,65.5,3.6,0.691,"AISC Manual ""Weight of ASTM A325 or A490 high strength bolts"" (docs/A325.pdf); set = bolt + heavy hex nut + 1 plain round washer"
A325 Bolt Set,3/4,5-1/4,5.25,98.9,4.8,1.037,"AISC Manual ""Weight of ASTM A325 or A490 high strength bolts"" (docs/A325.pdf); set = bolt + heavy hex nut + 1 plain round washer"
A325 Bolt Set,7/8,5-1/4,5.25,141,7.0,1.48,"AISC Manual ""Weight of ASTM A325 or A490 high strength bolts"" (docs/A325.pdf); set = bolt + heavy hex nut + 1 plain round washer"
A325 Bolt Set,1,5-1/4,5.25,190,9.4,1.994,"AISC Manual ""Weight of ASTM A325 or A490 high strength bolts"" (docs/A325.pdf); set = bolt + heavy hex nut + 1 plain round washer"
A325 Bolt Set,1-1/8,5-1/4,5.25,251,11.3,2.623,"AISC Manual ""Weight of ASTM A325 or A490 high strength bolts"" (docs/A325.pdf); set = bolt + heavy hex nut + 1 plain round washer"
A325 Bolt Set,1-1/4,5-1/4,5.25,324,13.8,3.378,"AISC Manual ""Weight of ASTM A325 or A490 high strength bolts"" (docs/A325.pdf); set = bolt + heavy hex nut + 1 plain round washer"
A325 Bolt Set,1-3/8,5-1/4,5.25,405,16.8,4.218,"AISC Manual ""Weight of ASTM A325 or A490 high strength bolts"" (docs/A325.pdf); set = bolt + heavy hex nut + 1 plain round washer"
A325 Bolt Set,1-1/2,5-1/4,5.25,503,20.0,5.23,"AISC Manual ""Weight of ASTM A325 or A490 high strength bolts"" (docs/A325.pdf); set = bolt + heavy hex nut + 1 plain round washer"
A325 Bolt Set,1/2,5-1/2,5.5,41.2,2.1,0.433,"AISC Manual ""Weight of ASTM A325 or A490 high strength bolts"" (docs/A325.pdf); set = bolt + heavy hex nut + 1 plain round washer"
A325 Bolt Set,5/8,5-1/2,5.5,67.7,3.6,0.713,"AISC Manual ""Weight of ASTM A325 or A490 high strength bolts"" (docs/A325.pdf); set = bolt + heavy hex nut + 1 plain round washer"
A325 Bolt Set,3/4,5-1/2,5.5,102,4.8,1.068,"AISC Manual ""Weight of ASTM A325 or A490 high strength bolts"" (docs/A325.pdf); set = bolt + heavy hex nut + 1 plain round washer"
A325 Bolt Set,7/8,5-1/2,5.5,146,7.0,1.53,"AISC Manual ""Weight of ASTM A325 or A490 high strength bolts"" (docs/A325.pdf); set = bolt + heavy hex nut + 1 plain round washer"
A325 Bolt Set,1,5-1/2,5.5,196,9.4,2.054,"AISC Manual ""Weight of ASTM A325 or A490 high strength bolts"" (docs/A325.pdf); set = bolt + heavy hex nut + 1 plain round washer"
A325 Bolt Set,1-1/8,5-1/2,5.5,258,11.3,2.693,"AISC Manual ""Weight of ASTM A325 or A490 high strength bolts"" (docs/A325.pdf); set = bolt + heavy hex nut + 1 plain round washer"
A325 Bolt Set,1-1/4,5-1/2,5.5,332,13.8,3.458,"AISC Manual ""Weight of ASTM A325 or A490 high strength bolts"" (docs/A325.pdf); set = bolt + heavy hex nut + 1 plain round washer"
A325 Bolt Set,1-3/8,5-1/2,5.5,416,16.8,4.328,"AISC Manual ""Weight of ASTM A325 or A490 high strength bolts"" (docs/A325.pdf); set = bolt + heavy hex nut + 1 plain round washer"
A325 Bolt Set,1-1/2,5-1/2,5.5,515,20.0,5.35,"AISC Manual ""Weight of ASTM A325 or A490 high strength bolts"" (docs/A325.pdf); set = bolt + heavy hex nut + 1 plain round washer"
A325 Bolt Set,1/2,5-3/4,5.75,42.6,2.1,0.447,"AISC Manual ""Weight of ASTM A325 or A490 high strength bolts"" (docs/A325.pdf); set = bolt + heavy hex nut + 1 plain round washer"
A325 Bolt Set,5/8,5-3/4,5.75,69.8,3.6,0.734,"AISC Manual ""Weight of ASTM A325 or A490 high strength bolts"" (docs/A325.pdf); set = bolt + heavy hex nut + 1 plain round washer"
A325 Bolt Set,3/4,5-3/4,5.75,105,4.8,1.098,"AISC Manual ""Weight of ASTM A325 or A490 high strength bolts"" (docs/A325.pdf); set = bolt + heavy hex nut + 1 plain round washer"
A325 Bolt Set,7/8,5-3/4,5.75,150,7.0,1.57,"AISC Manual ""Weight of ASTM A325 or A490 high strength bolts"" (docs/A325.pdf); set = bolt + heavy hex nut + 1 plain round washer"
A325 Bolt Set,1,5-3/4,5.75,201,9.4,2.104,"AISC Manual ""Weight of ASTM A325 or A490 high strength bolts"" (docs/A325.pdf); set = bolt + heavy hex nut + 1 plain round washer"
A325 Bolt Set,1-1/8,5-3/4,5.75,265,11.3,2.763,"AISC Manual ""Weight of ASTM A325 or A490 high strength bolts"" (docs/A325.pdf); set = bolt + heavy hex nut + 1 plain round washer"
A325 Bolt Set,1-1/4,5-3/4,5.75,341,13.8,3.548,"AISC Manual ""Weight of ASTM A325 or A490 high strength bolts"" (docs/A325.pdf); set = bolt + heavy hex nut + 1 plain round washer"
A325 Bolt Set,1-3/8,5-3/4,5.75,426,16.8,4.428,"AISC Manual ""Weight of ASTM A325 or A490 high strength bolts"" (docs/A325.pdf); set = bolt + heavy hex nut + 1 plain round washer"
A325 Bolt Set,1-1/2,5-3/4,5.75,527,20.0,5.47,"AISC Manual ""Weight of ASTM A325 or A490 high strength bolts"" (docs/A325.pdf); set = bolt + heavy hex nut + 1 plain round washer"
A325 Bolt Set,1/2,6,6.0,44.0,2.1,0.461,"AISC Manual ""Weight of ASTM A325 or A490 high strength bolts"" (docs/A325.pdf); set = bolt + heavy hex nut + 1 plain round washer"
A325 Bolt Set,5/8,6,6.0,71.9,3.6,0.755,"AISC Manual ""Weight of ASTM A325 or A490 high strength bolts"" (docs/A325.pdf); set = bolt + heavy hex nut + 1 plain round washer"
A325 Bolt Set,3/4,6,6.0,108,4.8,1.128,"AISC Manual ""Weight of ASTM A325 or A490 high strength bolts"" (docs/A325.pdf); set = bolt + heavy hex nut + 1 plain round washer"
A325 Bolt Set,7/8,6,6.0,154,7.0,1.61,"AISC Manual ""Weight of ASTM A325 or A490 high strength bolts"" (docs/A325.pdf); set = bolt + heavy hex nut + 1 plain round washer"
A325 Bolt Set,1,6,6.0,207,9.4,2.164,"AISC Manual ""Weight of ASTM A325 or A490 high strength bolts"" (docs/A325.pdf); set = bolt + heavy hex nut + 1 plain round washer"
A325 Bolt Set,1-1/8,6,6.0,272,11.3,2.833,"AISC Manual ""Weight of ASTM A325 or A490 high strength bolts"" (docs/A325.pdf); set = bolt + heavy hex nut + 1 plain round washer"
A325 Bolt Set,1-1/4,6,6.0,349,13.8,3.628,"AISC Manual ""Weight of ASTM A325 or A490 high strength bolts"" (docs/A325.pdf); set = bolt + heavy hex nut + 1 plain round washer"
A325 Bolt Set,1-3/8,6,6.0,437,16.8,4.538,"AISC Manual ""Weight of ASTM A325 or A490 high strength bolts"" (docs/A325.pdf); set = bolt + heavy hex nut + 1 plain round washer"
A325 Bolt Set,1-1/2,6,6.0,540,20.0,5.6,"AISC Manual ""Weight of ASTM A325 or A490 high strength bolts"" (docs/A325.pdf); set = bolt + heavy hex nut + 1 plain round washer"
A325 Bolt Set,5/8,6-1/4,6.25,74.1,3.6,0.777,"AISC Manual ""Weight of ASTM A325 or A490 high strength bolts"" (docs/A325.pdf); set = bolt + heavy hex nut + 1 plain round washer"
A325 Bolt Set,3/4,6-1/4,6.25,111,4.8,1.158,"AISC Manual ""Weight of ASTM A325 or A490 high strength bolts"" (docs/A325.pdf); set = bolt + heavy hex nut + 1 plain round washer"
A325 Bolt Set,7/8,6-1/4,6.25,158,7.0,1.65,"AISC Manual ""Weight of ASTM A325 or A490 high strength bolts"" (docs/A325.pdf); set = bolt + heavy hex nut + 1 plain round washer"
A325 Bolt Set,1,6-1/4,6.25,212,9.4,2.214,"AISC Manual ""Weight of ASTM A325 or A490 high strength bolts"" (docs/A325.pdf); set = bolt + heavy hex nut + 1 plain round washer"
A325 Bolt Set,1-1/8,6-1/4,6.25,279,11.3,2.903,"AISC Manual ""Weight of ASTM A325 or A490 high strength bolts"" (docs/A325.pdf); set = bolt + heavy hex nut + 1 plain round washer"
A325 Bolt Set,1-1/4,6-1/4,6.25,358,13.8,3.718,"AISC Manual ""Weight of ASTM A325 or A490 high strength bolts"" (docs/A325.pdf); set = bolt + heavy hex nut + 1 plain round washer"
A325 Bolt Set,1-3/8,6-1/4,6.25,447,16.8,4.638,"AISC Manual ""Weight of ASTM A325 or A490 high strength bolts"" (docs/A325.pdf); set = bolt + heavy hex nut + 1 plain round washer"
A325 Bolt Set,1-1/2,6-1/4,6.25,552,20.0,5.72,"AISC Manual ""Weight of ASTM A325 or A490 high strength bolts"" (docs/A325.pdf); set = bolt + heavy hex nut + 1 plain round washer"
A325 Bolt Set,5/8,6-1/2,6.5,76.3,3.6,0.799,"AISC Manual ""Weight of ASTM A325 or A490 high strength bolts"" (docs/A325.pdf); set = bolt + heavy hex nut + 1 plain round washer"
A325 Bolt Set,3/4,6-1/2,6.5,114,4.8,1.188,"AISC Manual ""Weight of ASTM A325 or A490 high strength bolts"" (docs/A325.pdf); set = bolt + heavy hex nut + 1 plain round washer"
A325 Bolt Set,7/8,6-1/2,6.5,163,7.0,1.7,"AISC Manual ""Weight of ASTM A325 or A490 high strength bolts"" (docs/A325.pdf); set = bolt + heavy hex nut + 1 plain round washer"
A325 Bolt Set,1,6-1/2,6.5,218,9.4,2.274,"AISC Manual ""Weight of ASTM A325 or A490 high strength bolts"" (docs/A325.pdf); set = bolt + heavy hex nut + 1 plain round washer"
A325 Bolt Set,1-1/8,6-1/2,6.5,286,11.3,2.973,"AISC Manual ""Weight of ASTM A325 or A490 high strength bolts"" (docs/A325.pdf); set = bolt + heavy hex nut + 1 plain round washer"
A325 Bolt Set,1-1/4,6-1/2,6.5,367,13.8,3.808,"AISC Manual ""Weight of ASTM A325 or A490 high strength bolts"" (docs/A325.pdf); set = bolt + heavy hex nut + 1 plain round washer"
A325 Bolt Set,1-3/8,6-1/2,6.5,458,16.8,4.748,"AISC Manual ""Weight of ASTM A325 or A490 high strength bolts"" (docs/A325.pdf); set = bolt + heavy hex nut + 1 plain round washer"
A325 Bolt Set,1-1/2,6-1/2,6.5,565,20.0,5.85,"AISC Manual ""Weight of ASTM A325 or A490 high strength bolts"" (docs/A325.pdf); set = bolt + heavy hex nut + 1 plain round washer"
A325 Bolt Set,5/8,6-3/4,6.75,78.5,3.6,0.821,"AISC Manual ""Weight of ASTM A325 or A490 high strength bolts"" (docs/A325.pdf); set = bolt + heavy hex nut + 1 plain round washer"
A325 Bolt Set,3/4,6-3/4,6.75,118,4.8,1.228,"AISC Manual ""Weight of ASTM A325 or A490 high strength bolts"" (docs/A325.pdf); set = bolt + heavy hex nut + 1 plain round washer"
A325 Bolt Set,7/8,6-3/4,6.75,167,7.0,1.74,"AISC Manual ""Weight of ASTM A325 or A490 high strength bolts"" (docs/A325.pdf); set = bolt + heavy hex nut + 1 plain round washer"
A325 Bolt Set,1,6-3/4,6.75,223,9.4,2.324,"AISC Manual ""Weight of ASTM A325 or A490 high strength bolts"" (docs/A325.pdf); set = bolt + heavy hex nut + 1 plain round washer"
A325 Bolt Set,1-1/8,6-3/4,6.75,293,11.3,3.043,"AISC Manual ""Weight of ASTM A325 or A490 high strength bolts"" (docs/A325.pdf); set = bolt + heavy hex nut + 1 plain round washer"
A325 Bolt Set,1-1/4,6-3/4,6.75,375,13.8,3.888,"AISC Manual ""Weight of ASTM A325 or A490 high strength bolts"" (docs/A325.pdf); set = bolt + heavy hex nut + 1 plain round washer"
A325 Bolt Set,1-3/8,6-3/4,6.75,468,16.8,4.848,"AISC Manual ""Weight of ASTM A325 or A490 high strength bolts"" (docs/A325.pdf); set = bolt + heavy hex nut + 1 plain round washer"
A325 Bolt Set,1-1/2,6-3/4,6.75,577,20.0,5.97,"AISC Manual ""Weight of ASTM A325 or A490 high strength bolts"" (docs/A325.pdf); set = bolt + heavy hex nut + 1 plain round washer"
A325 Bolt Set,5/8,7,7.0,80.6,3.6,0.842,"AISC Manual ""Weight of ASTM A325 or A490 high strength bolts"" (docs/A325.pdf); set = bolt + heavy hex nut + 1 plain round washer"
A325 Bolt Set,3/4,7,7.0,121,4.8,1.258,"AISC Manual ""Weight of ASTM A325 or A490 high strength bolts"" (docs/A325.pdf); set = bolt + heavy hex nut + 1 plain round washer"
A325 Bolt Set,7/8,7,7.0,171,7.0,1.78,"AISC Manual ""Weight of ASTM A325 or A490 high strength bolts"" (docs/A325.pdf); set = bolt + heavy hex nut + 1 plain round washer"
A325 Bolt Set,1,7,7.0,229,9.4,2.384,"AISC Manual ""Weight of ASTM A325 or A490 high strength bolts"" (docs/A325.pdf); set = bolt + heavy hex nut + 1 plain round washer"
A325 Bolt Set,1-1/8,7,7.0,300,11.3,3.113,"AISC Manual ""Weight of ASTM A325 or A490 high strength bolts"" (docs/A325.pdf); set = bolt + heavy hex nut + 1 plain round washer"
A325 Bolt Set,1-1/4,7,7.0,384,13.8,3.978,"AISC Manual ""Weight of ASTM A325 or A490 high strength bolts"" (docs/A325.pdf); set = bolt + heavy hex nut + 1 plain round washer"
A325 Bolt Set,1-3/8,7,7.0,479,16.8,4.958,"AISC Manual ""Weight of ASTM A325 or A490 high strength bolts"" (docs/A325.pdf); set = bolt + heavy hex nut + 1 plain round washer"
A325 Bolt Set,1-1/2,7,7.0,589,20.0,6.09,"AISC Manual ""Weight of ASTM A325 or A490 high strength bolts"" (docs/A325.pdf); set = bolt + heavy hex nut + 1 plain round washer"
A325 Bolt Set,5/8,7-1/4,7.25,82.8,3.6,0.864,"AISC Manual ""Weight of ASTM A325 or A490 high strength bolts"" (docs/A325.pdf); set = bolt + heavy hex nut + 1 plain round washer"
A325 Bolt Set,3/4,7-1/4,7.25,124,4.8,1.288,"AISC Manual ""Weight of ASTM A325 or A490 high strength bolts"" (docs/A325.pdf); set = bolt + heavy hex nut + 1 plain round washer"
A325 Bolt Set,7/8,7-1/4,7.25,175,7.0,1.82,"AISC Manual ""Weight of ASTM A325 or A490 high strength bolts"" (docs/A325.pdf); set = bolt + heavy hex nut + 1 plain round washer"
A325 Bolt Set,1,7-1/4,7.25,234,9.4,2.434,"AISC Manual ""Weight of ASTM A325 or A490 high strength bolts"" (docs/A325.pdf); set = bolt + heavy hex nut + 1 plain round washer"
A325 Bolt Set,1-1/8,7-1/4,7.25,307,11.3,3.183,"AISC Manual ""Weight of ASTM A325 or A490 high strength bolts"" (docs/A325.pdf); set = bolt + heavy hex nut + 1 plain round washer"
A325 Bolt Set,1-1/4,7-1/4,7.25,392,13.8,4.058,"AISC Manual ""Weight of ASTM A325 or A490 high strength bolts"" (docs/A325.pdf); set = bolt + heavy hex nut + 1 plain round washer"
A325 Bolt Set,1-3/8,7-1/4,7.25,489,16.8,5.058,"AISC Manual ""Weight of ASTM A325 or A490 high strength bolts"" (docs/A325.pdf); set = bolt + heavy hex nut + 1 plain round washer"
A325 Bolt Set,1-1/2,7-1/4,7.25,602,20.0,6.22,"AISC Manual ""Weight of ASTM A325 or A490 high strength bolts"" (docs/A325.pdf); set = bolt + heavy hex nut + 1 plain round washer"
A325 Bolt Set,5/8,7-1/2,7.5,84.9,3.6,0.885,"AISC Manual ""Weight of ASTM A325 or A490 high strength bolts"" (docs/A325.pdf); set = bolt + heavy hex nut + 1 plain round washer"
A325 Bolt Set,3/4,7-1/2,7.5,127,4.8,1.318,"AISC Manual ""Weight of ASTM A325 or A490 high strength bolts"" (docs/A325.pdf); set = bolt + heavy hex nut + 1 plain round washer"
A325 Bolt Set,7/8,7-1/2,7.5,179,7.0,1.86,"AISC Manual ""Weight of ASTM A325 or A490 high strength bolts"" (docs/A325.pdf); set = bolt + heavy hex nut + 1 plain round washer"
A325 Bolt Set,1,7-1/2,7.5,240,9.4,2.494,"AISC Manual ""Weight of ASTM A325 or A490 high strength bolts"" (docs/A325.pdf); set = bolt + heavy hex nut + 1 plain round washer"
A325 Bolt Set,1-1/8,7-1/2,7.5,314,11.3,3.253,"AISC Manual ""Weight of ASTM A325 or A490 high strength bolts"" (docs/A325.pdf); set = bolt + heavy hex nut + 1 plain round washer"
A325 Bolt Set,1-1/4,7-1/2,7.5,401,13.8,4.148,"AISC Manual ""Weight of ASTM A325 or A490 high strength bolts"" (docs/A325.pdf); set = bolt + heavy hex nut + 1 plain round washer"
A325 Bolt Set,1-3/8,7-1/2,7.5,500,16.8,5.168,"AISC Manual ""Weight of ASTM A325 or A490 high strength bolts"" (docs/A325.pdf); set = bolt + heavy hex nut + 1 plain round washer"
A325 Bolt Set,1-1/2,7-1/2,7.5,614,20.0,6.34,"AISC Manual ""Weight of ASTM A325 or A490 high strength bolts"" (docs/A325.pdf); set = bolt + heavy hex nut + 1 plain round washer"
A325 Bolt Set,5/8,7-3/4,7.75,87.1,3.6,0.907,"AISC Manual ""Weight of ASTM A325 or A490 high strength bolts"" (docs/A325.pdf); set = bolt + heavy hex nut + 1 plain round washer"
A325 Bolt Set,3/4,7-3/4,7.75,130,4.8,1.348,"AISC Manual ""Weight of ASTM A325 or A490 high strength bolts"" (docs/A325.pdf); set = bolt + heavy hex nut + 1 plain round washer"
A325 Bolt Set,7/8,7-3/4,7.75,183,7.0,1.9,"AISC Manual ""Weight of ASTM A325 or A490 high strength bolts"" (docs/A325.pdf); set = bolt + heavy hex nut + 1 plain round washer"
A325 Bolt Set,1,7-3/4,7.75,246,9.4,2.554,"AISC Manual ""Weight of ASTM A325 or A490 high strength bolts"" (docs/A325.pdf); set = bolt + heavy hex nut + 1 plain round washer"
A325 Bolt Set,1-1/8,7-3/4,7.75,321,11.3,3.323,"AISC Manual ""Weight of ASTM A325 or A490 high strength bolts"" (docs/A325.pdf); set = bolt + heavy hex nut + 1 plain round washer"
A325 Bolt Set,1-1/4,7-3/4,7.75,410,13.8,4.238,"AISC Manual ""Weight of ASTM A325 or A490 high strength bolts"" (docs/A325.pdf); set = bolt + heavy hex nut + 1 plain round washer"
A325 Bolt Set,1-3/8,7-3/4,7.75,510,16.8,5.268,"AISC Manual ""Weight of ASTM A325 or A490 high strength bolts"" (docs/A325.pdf); set = bolt + heavy hex nut + 1 plain round washer"
A325 Bolt Set,1-1/2,7-3/4,7.75,626,20.0,6.46,"AISC Manual ""Weight of ASTM A325 or A490 high strength bolts"" (docs/A325.pdf); set = bolt + heavy hex nut + 1 plain round washer"
A325 Bolt Set,5/8,8,8.0,89.2,3.6,0.928,"AISC Manual ""Weight of ASTM A325 or A490 high strength bolts"" (docs/A325.pdf); set = bolt + heavy hex nut + 1 plain round washer"
A325 Bolt Set,3/4,8,8.0,133,4.8,1.378,"AISC Manual ""Weight of ASTM A325 or A490 high strength bolts"" (docs/A325.pdf); set = bolt + heavy hex nut + 1 plain round washer"
A325 Bolt Set,7/8,8,8.0,187,7.0,1.94,"AISC Manual ""Weight of ASTM A325 or A490 high strength bolts"" (docs/A325.pdf); set = bolt + heavy hex nut + 1 plain round washer"
A325 Bolt Set,1,8,8.0,251,9.4,2.604,"AISC Manual ""Weight of ASTM A325 or A490 high strength bolts"" (docs/A325.pdf); set = bolt + heavy hex nut + 1 plain round washer"
A325 Bolt Set,1-1/8,8,8.0,328,11.3,3.393,"AISC Manual ""Weight of ASTM A325 or A490 high strength bolts"" (docs/A325.pdf); set = bolt + heavy hex nut + 1 plain round washer"
A325 Bolt Set,1-1/4,8,8.0,418,13.8,4.318,"AISC Manual ""Weight of ASTM A325 or A490 high strength bolts"" (docs/A325.pdf); set = bolt + heavy hex nut + 1 plain round washer"
A325 Bolt Set,1-3/8,8,8.0,521,16.8,5.378,"AISC Manual ""Weight of ASTM A325 or A490 high strength bolts"" (docs/A325.pdf); set = bolt + heavy hex nut + 1 plain round washer"
A325 Bolt Set,1-1/2,8,8.0,639,20.0,6.59,"AISC Manual ""Weight of ASTM A325 or A490 high strength bolts"" (docs/A325.pdf); set = bolt + heavy hex nut + 1 plain round washer"
A325 Bolt Set,7/8,8-1/4,8.25,192,7.0,1.99,"AISC Manual ""Weight of ASTM A325 or A490 high strength bolts"" (docs/A325.pdf); set = bolt + heavy hex nut + 1 plain round washer"
A325 Bolt Set,1,8-1/4,8.25,257,9.4,2.664,"AISC Manual ""Weight of ASTM A325 or A490 high strength bolts"" (docs/A325.pdf); set = bolt + heavy hex nut + 1 plain round washer"
A325 Bolt Set,1-1/8,8-1/4,8.25,335,11.3,3.463,"AISC Manual ""Weight of ASTM A325 or A490 high strength bolts"" (docs/A325.pdf); set = bolt + heavy hex nut + 1 plain round washer"
A325 Bolt Set,1-1/4,8-1/4,8.25,427,13.8,4.408,"AISC Manual ""Weight of ASTM A325 or A490 high strength bolts"" (docs/A325.pdf); set = bolt + heavy hex nut + 1 plain round washer"
A325 Bolt Set,1-3/8,8-1/4,8.25,531,16.8,5.478,"AISC Manual ""Weight of ASTM A325 or A490 high strength bolts"" (docs/A325.pdf); set = bolt + heavy hex nut + 1 plain round washer"
A325 Bolt Set,1-1/2,8-1/4,8.25,651,20.0,6.71,"AISC Manual ""Weight of ASTM A325 or A490 high strength bolts"" (docs/A325.pdf); set = bolt + heavy hex nut + 1 plain round washer"
A325 Bolt Set,7/8,8-1/2,8.5,196,7.0,2.03,"AISC Manual ""Weight of ASTM A325 or A490 high strength bolts"" (docs/A325.pdf); set = bolt + heavy hex nut + 1 plain round washer"
A325 Bolt Set,1,8-1/2,8.5,262,9.4,2.714,"AISC Manual ""Weight of ASTM A325 or A490 high strength bolts"" (docs/A325.pdf); set = bolt + heavy hex nut + 1 plain round washer"
A325 Bolt Set,1-1/8,8-1/2,8.5,342,11.3,3.533,"AISC Manual ""Weight of ASTM A325 or A490 high strength bolts"" (docs/A325.pdf); set = bolt + heavy hex nut + 1 plain round washer"
A325 Bolt Set,1-1/4,8-1/2,8.5,435,13.8,4.488,"AISC Manual ""Weight of ASTM A325 or A490 high strength bolts"" (docs/A325.pdf); set = bolt + heavy hex nut + 1 plain round washer"
A325 Bolt Set,1-3/8,8-1/2,8.5,542,16.8,5.588,"AISC Manual ""Weight of ASTM A325 or A490 high strength bolts"" (docs/A325.pdf); set = bolt + heavy hex nut + 1 plain round washer"
A325 Bolt Set,1-1/2,8-1/2,8.5,664,20.0,6.84,"AISC Manual ""Weight of ASTM A325 or A490 high strength bolts"" (docs/A325.pdf); set = bolt + heavy hex nut + 1 plain round washer"
A325 Bolt Set,1-1/4,8-3/4,8.75,444,13.8,4.578,"AISC Manual ""Weight of ASTM A325 or A490 high strength bolts"" (docs/A325.pdf); set = bolt + heavy hex nut + 1 plain round washer"
A325 Bolt Set,1-3/8,8-3/4,8.75,552,16.8,5.688,"AISC Manual ""Weight of ASTM A325 or A490 high strength bolts"" (docs/A325.pdf); set = bolt + heavy hex nut + 1 plain round washer"
A325 Bolt Set,1-1/2,8-3/4,8.75,676,20.0,6.96,"AISC Manual ""Weight of ASTM A325 or A490 high strength bolts"" (docs/A325.pdf); set = bolt + heavy hex nut + 1 plain round washer"
A325 Bolt Set,1-1/4,9,9.0,453,13.8,4.668,"AISC Manual ""Weight of ASTM A325 or A490 high strength bolts"" (docs/A325.pdf); set = bolt + heavy hex nut + 1 plain round washer"
A325 Bolt Set,1-3/8,9,9.0,563,16.8,5.798,"AISC Manual ""Weight of ASTM A325 or A490 high strength bolts"" (docs/A325.pdf); set = bolt + heavy hex nut + 1 plain round washer"
A325 Bolt Set,1-1/2,9,9.0,689,20.0,7.09,"AISC Manual ""Weight of ASTM A325 or A490 high strength bolts"" (docs/A325.pdf); set = bolt + heavy hex nut + 1 plain round washer"
A325 Bolt Set,1/2,per inch additional,,5.5,2.1,,adder per inch of length beyond the table (lb/100)
A325 Bolt Set,5/8,per inch additional,,8.6,3.6,,adder per inch of length beyond the table (lb/100)
A325 Bolt Set,3/4,per inch additional,,12.4,4.8,,adder per inch of length beyond the table (lb/100)
A325 Bolt Set,7/8,per inch additional,,16.9,7.0,,adder per inch of length beyond the table (lb/100)
A325 Bolt Set,1,per inch additional,,22.1,9.4,,adder per inch of length beyond the table (lb/100)
A325 Bolt Set,1-1/8,per inch additional,,28.0,11.3,,adder per inch of length beyond the table (lb/100)
A325 Bolt Set,1-1/4,per inch additional,,34.4,13.8,,adder per inch of length beyond the table (lb/100)
A325 Bolt Set,1-3/8,per inch additional,,42.5,16.8,,adder per inch of length beyond the table (lb/100)
A325 Bolt Set,1-1/2,per inch additional,,49.7,20.0,,adder per inch of length beyond the table (lb/100)
